,coef,std_err,t,p_value
const,0.02230042481783482,0.2616505063184827,0.08522981717715691,0.9320786861397378
error_lag1,0.9749296916151587,0.03768181725181454,25.87268244257014,1.3521459245191203e-147
