oos_mean_error,oos_mean_error_t_hac,oos_mean_error_p_hac,oos_durbin_watson,oos_ar1_coef,oos_ar1_p_hac,oos_pos_error_share,oos_neg_error_share,oos_mae,oos_rmse,n_oos,oos_start,oos_end,hac_maxlags
1.0284910732626116,0.5750478318926168,0.5652589482559958,0.04888492318482429,0.9749296916151587,1.3521459245191203e-147,0.6386554621848739,0.36134453781512604,4.5505873079515045,6.744852818481406,119.0,2015-02,2024-12,11.0
