,coef,std_err,t,p_value
const,0.01681164345205112,0.16363580004814673,0.10273817494157521,0.9183177883830013
resid_lag1,0.9484895589230036,0.02679766206366128,35.39448914124468,1.0189918205788908e-71
