,coef,std_err,t,p_value
const,-28.582044354524044,3.8378424178589223,-7.44742520472468,8.654901899848527e-12
CSI_idx,0.30073486463290733,0.035490720302891667,8.473619641030629,2.8466371279594167e-14
